Set; FormData > game;
user;
cod mobile;
game < engine > weapon;
bullet;
aim;
lock; 
       ActiveXObject < set > game; module//cod mobile
    
Set; game <Map> function Add_AimLock() {

   (screenShot); <Enemylock></Enemylock> //Terget Hit Part Damage AutoShot
   (AutoShotLock); <BulletAutoHeadShotLock></BulletAutoHeadShotLock> // Active

}
   Set; function screenShot(Enemylock) {
       
   } Add_EnemyViewRange(); + [AutoLockRange] // 360.0fov
 EnemyAutoLockSpeed(); + [UserScreenLock] // Enemy
 
       EnemyCharacter; function add_EnemyDamageWidth(); Range // 12x8
    (HitDamageHitbox); /AimShot/ [HitRange] = true; {

    }

      Game/Set; module = /AimShot/ = true;
     function add_AimShot(UserAim); AimShot //Range
    User; function add(); /EnemyDetectionDistance/ = 360.0()= true; {

    }
   module; /"<Active>"/
   true; {

   }
 
    Set; function add_WeaponRecoil();
    game > set;cod mobile; /"<Module>"/ = true;
   
    game / screen(); shake_add = [disable] = (true);
     weapon_akr / add_recoil;  [disable] = (true); module= /"<gun shake off>"/ = (true)
      weapon_m4 / add_recoil; [disable] = (true); module= /"<gun shake off>"/ = (true)
       weapon_m4a1 / add_recoil; [disable] = (true); module= /"<gun shake off>"/ = (true)
        weapon_famas / add_recoil; [disable] = (true); module= /"<gun shake off>"/ = (true)
         weapon_fnfal / add_recoil; [disable] = (true); module= /"<gun shake off>"/ = (true); {

         }
         game / screen(); Disable_screen_shake_when_firing_add = [disable] = (true);
         weapon_akr / add_Fire_Shot_Bullet_No_Recoil;  [disable] = (true); module= /"<gun bullet recoil off>"/ = (true)
          weapon_m4 / add_Fire_Shot_Bullet_No_Recoil; [disable] = (true); module= /"<gun bullet recoil off>"/ = (true)
           weapon_m4a1 / add_Fire_Shot_Bullet_No_Recoil; [disable] = (true); module= /"<gun bullet recoil off>"/ = (true)
            weapon_famas / add_Fire_Shot_Bullet_No_Recoil; [disable] = (true); module= /"<gun bullet recoil off>"/ = (true)
             weapon_fnfal / add_Fire_Shot_Bullet_No_Recoil; [disable] = (true); module= /"<gun bullet recoil off>"/ = (true); {

             }
               weapon_MoveX / recoil; /"<disable>"/ = true();
                weapon_MoveR / recoil; /"<disable>"/ = true();
                 weapon_MoveY / recoil; /"<disable>"/ = true();
                  weapon_MoveL / recoil; /"<disable>"/ = true();
                   weapon_MoveX / shake; /"<disable>"/ = true();
                    weapon_MoveR / shake; /"<disable>"/ = true();
                     weapon_MoveY / shake; /"<disable>"/ = true();
                      weapon_MoveL / shake; /"<disable>"/ = true(); {

                      }
                        function add_FixedBulletShot(); (true); /"<Enable>"/ = true();
                         weapon_MoveX / shake; /"<fixed bullet shot>"/ = true();
                          weapon_MoveR / shake; /"<fixed bullet shot>"/ = true();                        
                           weapon_MoveY / shake; /"<fixed bullet shot>"/ = true(); 
                            weapon_MoveL / shake; /"<fixed bullet shot>"/ = true(); 
                             weapon_akr_recoil_MoveX / shot; /"<fixed bullet shot>"/ = true();
                              weapon_m4_recoil_MoveX / shot; /"<fixed bullet shot>"/ = true();
                               weapon_m4a1_recoil_MoveX / shot; /"<fixed bullet shot>"/ = true();
                                weapon_famas_recoil_MoveX / shot; /"<fixed bullet shot>"/ = true();
                                 weapon_fnfal_recoil_MoveX / shot; /"<fixed bullet shot>"/ = true(); {

                                 }
                                  
                                  function add_WeaponSideNoRecoil(); (true); /"<Enable>"/ = true();
                                   weapon_MoveX / side_recoil; [disable] = (true); module= /"<fixed bullet shot>"/ = true();
                                    weapon_MoveR / side_recoil; [disable] = (true); module= /"<fixed bullet shot>"/ = true();
                                     weapon_MoveY / side_recoil; [disable] = (true); module= /"<fixed bullet shot>"/ = true();
                                      weapon_MoveL / side_recoil; [disable] = (true); module= /"<fixed bullet shot>"/ = true();
                                       weapon_akr_side_recoil_MoveX / side_recoil; [disable] = (true); module= /"<fixed bullet shot>"/ = true();
                                        weapon_akr_side_recoil_MoveR / side_recoil; [disable] = (true); module= /"<fixed bullet shot>"/ = true();
                                         weapon_akr_side_recoil_MoveY / side_recoil; [disable] = (true); module= /"<fixed bullet shot>"/ = true();
                                          weapon_akr_side_recoil_MoveL / side_recoil; [disable] = (true); module= /"<fixed bullet shot>"/ = true();
                                           weapon_m4_side_recoil_MoveX / side_recoil; [disable] = (true); module= /"<fixed bullet shot>"/ = true();
                                            weapon_m4_side_recoil_MoveY / side_recoil; [disable] = (true); module= /"<fixed bullet shot>"/ = true();
                                             weapon_m4_side_recoil_MoveL / side_recoil; [disable] = (true); module= /"<fixed bullet shot>"/ = true();
                                              weapon_m4_side_recoil_MoveR / side_recoil; [disable] = (true); module= /"<fixed bullet shot>"/ = true();
                                               weapon_m4a1_side_recoil_MoveX / side_recoil; [disable] = (true); module= /"<fixed bullet shot>"/ = true();
                                                weapon_m4a1_side_recoil_MoveY/ side_recoil; [disable] = (true); module= /"<fixed bullet shot>"/ = true();
                                                 weapon_m4a1_side_recoil_MoveR / side_recoil; [disable] = (true); module= /"<fixed bullet shot>"/ = true();
                                                  weapon_m4a1_side_recoil_MoveL / side_recoil; [disable] = (true); module= /"<fixed bullet shot>"/ = true();
                                                   weapon_famas_side_recoil_MoveX / side_recoil; [disable] = (true); module= /"<fixed bullet shot>"/ = true();
                                                    weapon_famas_side_recoil_MoveR / side_recoil; [disable] = (true); module= /"<fixed bullet shot>"/ = true();
                                                     weapon_famas_side_recoil_MoveY / side_recoil; [disable] = (true); module= /"<fixed bullet shot>"/ = true();
                                                      weapon_famas_side_recoil_MoveL / side_recoil; [disable] = (true); module= /"<fixed bullet shot>"/ = true();
                                                       weapon_fnfal_side_recoil_MoveX / side_recoil; [disable] = (true); module= /"<fixed bullet shot>"/ = true();
                                                        weapon_fnfal_side_recoil_MoveY / side_recoil; [disable] = (true); module= /"<fixed bullet shot>"/ = true();
                                                         weapon_fnfal_side_recoil_MoveR / side_recoil; [disable] = (true); module= /"<fixed bullet shot>"/ = true();
                                                          weapon_fnfal_side_recoil_MoveL / side_recoil; [disable] = (true); module= /"<fixed bullet shot>"/ = true(); {

                                                          }

                                                          function add_WeaponBulletShotAimHitPartHeadshot(); (true); /"<Enable>"/ = true();
                                                           weapon_shot / aim_hit_part_head; [enable] = (true); module= /"<terget hit part head shot>"/ = true();
                                                            weapon_akr_shot / aim_hit_part_head; [enable] = (true); module= /"<terget hit part head shot>"/ = true();
                                                             weapon_m4_shot / aim_hit_part_head; [enable] = (true); module= /"<terget hit part head shot>"/ = true();
                                                              weapon_m4a1_shot / aim_hit_part_head; [enable] = (true); module= /"<terget hit part head shot>"/ = true();
                                                               weapon_famas_shot / aim_hit_part_head; [enable] = (true); module= /"<terget hit part head shot>"/ = true();
                                                                weapon_fnfal_shot / aim_hit_part_head; [enable] = (true); module= /"<terget hit part head shot>"/ = true(); {

                                                                }

                                                                weapon_akr; add; (Bullet_Aim_Part_body_shot_Transfer_head) = "%999" / true();
                                                                weapon_akr; add; (Terget_Aim_Bullet_Auto_Headshot) = "%999" / true();
                                                                weapon_akr; add; (BulletHitPartHead) = "%999" / true();
                                                                weapon_m4; add; (Bullet_Aim_Part_body_shot_Transfer_head) = "%999" / true();
                                                                weapon_m4; add; (Terget_Aim_Bullet_Auto_Headshot) = "%999" / true();
                                                                weapon_m4; add; (BulletHitPartHead) = "%999" / true();
                                                                weapon_m4a1; add; (Bullet_Aim_Part_body_shot_Transfer_head) = "%999" / true();
                                                                weapon_m4a1; add; (Terget_Aim_Bullet_Auto_Headshot) = "%9999" / true();
                                                                weapon_m4a1; add; (BulletHitPartHead) = "%999" / true();
                                                                weapon_famas; add; (Bullet_Aim_Part_body_shot_Transfer_head) = "%999" / true();
                                                                weapon_famas; add; (Terget_Aim_Bullet_Auto_Headshot) = "%9999" / true();
                                                                weapon_famas; add; (BulletHitPartHead) = "%999" / true();
                                                                weapon_fnfal; add; (Bullet_Aim_Part_body_shot_Transfer_head) = "%999" / true();
                                                                weapon_fnfal; add; (Terget_Aim_Bullet_Auto_Headshot) = "%999" / true();
                                                                weapon_fnfal; add; (BulletHitPartHead) = "%999" / true(); {

                                               }
                                                
                                               var CharacterData; {

                                                  add / hitbox;
                                                 add / radium.hitbox;
                                                add / body.hitbox;
                                               add / head.hitbox;
                                              add / body.tranfer/head;
                                             add / nick.tranfer/head;
                                            add / hit,damage/head;
                                           add / large.damage/hitbox

                                               } confirm = true(); {

                                                game / set / system.engine / cod mobile

                                               } confirm = true(); {
                                              
                                               }
                                              
                                              var engine; {

                                                UserActivation / crossair.aim;
                                               UserAim / hit.damage,radium.body > tranfer.head;
                                              UserWeapon / bullet.range > headlock;

                                              } confirm = true(); {

                                              }
                                              
                                              var system;"engine"; {

                                                    Weapon / projectile.hit.target > Transfer;
                                                   Weapon / add_AimShot > hit.distance > "360FOV" > main.target.hit.head > "MAX++"
                                                  Weapon / add_WeaponRecoil > screen.shake > "disable" > weapon.recoil > "disable" > weapon.shake > "disable" > Weapon.recoil,spread > "disable" > weapon.spread.shake > "disable"
                                                 Weapon / add_WeaponSideNoRecoil > recoil.moveX > "disable" > recoil.moveR > "disable" > recoil.moveY > "disable" > recoil.moveL > "disable"

                                              } confirm = true(); {

                                              }

                                              var engine;"script"; {

                                                [BulletAimHitRander = 0x999];
                                                 [BulletAimHitPartDamageRender = 0x999];
                                                  [BulletAimHitboxRender = 0x999];
                                                   [BaseBulletRange = 0x999];
                                                    [BaseBulletHitPartDamageRender = 0x999];
                                                     [BaseBulletAimJudgmnet = 0x999]; 
                                                      [BulletAimHitRander = +AutoAiming, Terget, Head];
                                                     [BulletAimHitPartDamageRender = Add, Hitbox];
                                                    [BulletAimHitboxRender = Bullet, Hit, Part, Enemy, Headshot];
                                                   [BaseBulletRange = Aim, Enemy, Terget, Head, Lock];
                                                  [BaseBulletHitPartDamageRender = Hit, Damage, Move, Add, Hitbox];
                                                 [BaseBulletAimJudgmnet = Terget, Move, Hit, Part, Head, Lock]

                                              } confirm = true(); {

                                              }

                                              var engine;"hitbox"; {

                                                 CharacterData; Hitbox(); HİT, PART, SHOT, TRANSFER, HEAD = 0x9999(true);
                                                  CharacterData; Hitbox(); HİT, PART, BODY, TRANSFER, HEAD = 0x9999(true);
                                                   CharacterData; Hitbox(); HİT, PART, NİCK, TRANSFER, HEAD = 0x9999(true);
                                                    CharacterData; Hitbox(); HİT, PART, SHOT, TRANSFER, HEAD, JUDGMENT = 0x9999(true);
                                                     CharacterData; Hitbox(); HİT, PART, BODY, TRANSFER, HEAD, JUDGMENT = 0x9999(true);
                                                      CharacterData; Hitbox(); HİT, PART, NİCK, TRANSFER, HEAD, JUDGMENT = 0x9999(true);
                                                       CharacterData; Hitbox(); BULLET, HİT, PART, BODY, TRANSFER, HEAD = 0x9999(true);
                                                        CharacterData; Hitbox(); BULLET, HİT, PART, NİCK, TRANSFER, HEAD = 0x9999(true);
                                                         CharacterData; Hitbox(); BULLET, AUTO, SHOT, TRANSFER, HEAD = 0x9999(true);
                                            
                                            }

                                            

                                              

                              

                                              